TDSFU Daily run: Sat Oct 25 13:09:50 UTC 2025 TDSFU
TDSFU Daily run: Sun Oct 26 04:32:52 UTC 2025 TDSFU
TDSFU Daily run: Mon Oct 27 04:41:46 UTC 2025 TDSFU
TDSFU Daily run: Tue Oct 28 04:34:36 UTC 2025 TDSFU
TDSFU Daily run: Wed Oct 29 04:39:59 UTC 2025 TDSFU
TDSFU Daily run: Thu Oct 30 04:34:35 UTC 2025 TDSFU
TDSFU Daily run: Fri Oct 31 04:36:00 UTC 2025 TDSFU
TDSFU Daily run: Sat Nov  1 04:32:04 UTC 2025 TDSFU
TDSFU Daily run: Sun Nov  2 04:34:40 UTC 2025 TDSFU
TDSFU Daily run: Mon Nov  3 04:40:34 UTC 2025 TDSFU
